文书名称,字段名称
行政处罚告知笔录,文书名称
行政处罚告知笔录,姓名
行政处罚告知笔录,违法事实
行政处罚告知笔录,法律条款
行政处罚告知笔录,陈述和申辩
行政处罚告知笔录,听证告知
行政处罚告知笔录,被告知人签名
行政处罚告知笔录,告知时间
行政处罚告知笔录,处罚结论
行政处罚告知笔录,是否有捺印
行政处罚决定书,文书名称
行政处罚决定书,文书文号
行政处罚决定书,姓名
行政处罚决定书,性别
行政处罚决定书,出生日期
行政处罚决定书,证件类型
行政处罚决定书,证件号码
行政处罚决定书,户籍地
行政处罚决定书,现住址
行政处罚决定书,工作单位
行政处罚决定书,前科劣迹
行政处罚决定书,违法事实
行政处罚决定书,法律条款
行政处罚决定书,处罚结论
行政处罚决定书,执行方式
行政处罚决定书,执行期限
行政处罚决定书,行政复议部门
行政处罚决定书,行政诉讼部门
行政处罚决定书,行政处罚日期
行政处罚决定书,当事人签名
行政处罚决定书,送达日期
行政处罚决定书,是否有文书公章
不予行政处罚决定书,文书名称
不予行政处罚决定书,文书文号
不予行政处罚决定书,姓名
不予行政处罚决定书,性别
不予行政处罚决定书,出生日期
不予行政处罚决定书,证件类型
不予行政处罚决定书,证件号码
不予行政处罚决定书,户籍地
不予行政处罚决定书,现住址
不予行政处罚决定书,工作单位
不予行政处罚决定书,前科劣迹
不予行政处罚决定书,违法事实
不予行政处罚决定书,法律条款
不予行政处罚决定书,处罚结论
不予行政处罚决定书,行政复议部门
不予行政处罚决定书,行政诉讼部门
不予行政处罚决定书,决定日期
不予行政处罚决定书,当事人签名
不予行政处罚决定书,送达日期
不予行政处罚决定书,是否有文书公章
送达回执,文书名称
送达回执,文书文号
送达回执,送达文书名称
送达回执,送达日期
送达回执,受送达人签名
收缴物品清单,文书名称
收缴物品清单,文书文号
收缴物品清单,物品持有人
收缴物品清单,收缴日期
收缴物品清单,法律条款
收缴物品清单,行政复议部门
收缴物品清单,行政诉讼部门
收缴物品清单,名称
收缴物品清单,数量
收缴物品清单,特征
收缴物品清单,物品处理情况
收缴物品清单,保管人签名
收缴物品清单,办案民警签名
收缴物品清单,是否有文书公章
收缴物品清单,是否有捺印
追缴物品清单,文书名称
追缴物品清单,文书文号
追缴物品清单,物品持有人
追缴物品清单,追缴日期
追缴物品清单,法律条款
追缴物品清单,行政复议部门
追缴物品清单,行政诉讼部门
追缴物品清单,名称
追缴物品清单,数量
追缴物品清单,特征
追缴物品清单,物品处理情况
追缴物品清单,保管人签名
追缴物品清单,办案民警签名
追缴物品清单,是否有文书公章
追缴物品清单,是否有捺印
终止案件调查决定书,文书名称
终止案件调查决定书,文书文号
终止案件调查决定书,终止理由
终止案件调查决定书,法律条款
终止案件调查决定书,落款时间
终止案件调查决定书,原案件违法嫌疑人签名
终止案件调查决定书,原案件被侵害人签名
终止案件调查决定书,是否有文书公章
呈请行政处罚报告书,文书名称
呈请行政处罚报告书,审批时间
呈请行政处罚报告书,呈请事实
呈请行政处罚报告书,法律条款
呈请行政处罚报告书,决定内容
呈请行政处罚报告书,落款时间
呈请收缴报告书,文书名称
呈请收缴报告书,审批时间
呈请收缴报告书,呈请事实
呈请收缴报告书,法律条款
呈请收缴报告书,决定内容
呈请收缴报告书,落款时间
呈请追缴报告书,文书名称
呈请追缴报告书,审批时间
呈请追缴报告书,呈请事实
呈请追缴报告书,法律条款
呈请追缴报告书,决定内容
呈请追缴报告书,落款时间
呈请终止调查报告书,文书名称
呈请终止调查报告书,审批时间
呈请终止调查报告书,呈请事实
呈请终止调查报告书,法律条款
呈请终止调查报告书,决定内容
呈请终止调查报告书,落款时间
行政案件立案登记表,文书名称
行政案件立案登记表,文书文号
行政案件立案登记表,办案单位
行政案件立案登记表,案件来源
行政案件立案登记表,接报时间
行政案件立案登记表,立案日期
行政案件立案登记表,是否接受证据
行政案件立案登记表,简要案情
行政案件立案登记表,是否有文书公章
行政案件立案/不予立案告知书,文书名称
行政案件立案/不予立案告知书,文书文号
行政案件立案/不予立案告知书,报案时间
行政案件立案/不予立案告知书,案件名称
行政案件立案/不予立案告知书,查询途径
行政案件立案/不予立案告知书,告知对象
行政案件立案/不予立案告知书,落款时间
行政案件立案/不予立案告知书,是否有文书公章
接受证据清单,文书名称
接受证据清单,物品编号
接受证据清单,物品名称
接受证据清单,物品数量
接受证据清单,物品特征
接受证据清单,物品备注
接受证据清单,提交人签名
接受证据清单,保管人签名
接受证据清单,受案民警签名
接受证据清单,接受日期
接受证据清单,是否有文书公章
传唤证,文书名称
传唤证,文书文号
传唤证,被传唤人
传唤证,案由
传唤证,法律条款
传唤证,传唤地点
传唤证,落款时间
传唤证,传唤到达时间
传唤证,传唤离开时间
传唤证,是否有文书公章
呈请传唤报告书,文书名称
呈请传唤报告书,审批时间
呈请传唤报告书,呈请事实
呈请传唤报告书,法律条款
呈请传唤报告书,决定内容
呈请传唤报告书,落款时间
呈请延长传唤报告书,文书名称
呈请延长传唤报告书,审批时间
呈请延长传唤报告书,呈请事实
呈请延长传唤报告书,法律条款
呈请延长传唤报告书,决定内容
呈请延长传唤报告书,落款时间
行政拘留执行回执,文书名称
行政拘留执行回执,被执行人
行政拘留执行回执,入所日期
行政拘留执行回执,执行起始日期
行政拘留执行回执,执行结束日期
行政拘留执行回执,拘留所名称
行政拘留执行回执,文书日期
行政拘留执行回执,是否有文书公章
罚没收入统一票据,文书名称
罚没收入统一票据,缴纳人
罚没收入统一票据,缴纳日期
罚没收入统一票据,缴纳金额
行政案件权利义务告知书,文书名称
行政案件权利义务告知书,权利人
行政案件权利义务告知书,权利人签名
行政案件权利义务告知书,签字日期
送达地址确认书,文书名称
送达地址确认书,送达对象
送达地址确认书,送达对象签名
讯/询问笔录,文书名称
讯/询问笔录,讯/询问次数
讯/询问笔录,姓名
讯/询问笔录,曾用名
讯/询问笔录,别名
讯/询问笔录,绰号
讯/询问笔录,性别
讯/询问笔录,出生日期
讯/询问笔录,出生地
讯/询问笔录,证件类型
讯/询问笔录,证件号码
讯/询问笔录,民族
讯/询问笔录,政治面貌
讯/询问笔录,文化程度
讯/询问笔录,职业
讯/询问笔录,籍贯
讯/询问笔录,工作单位
讯/询问笔录,联系方式
讯/询问笔录,居住地
讯/询问笔录,户籍地
讯/询问笔录,到案方式
讯/询问笔录,前科劣迹
讯/询问笔录,笔录名称
讯/询问笔录,讯/询问地点
讯/询问笔录,讯/询问开始时间
讯/询问笔录,讯/询问结束时间
讯/询问笔录,讯/询问人姓名
讯/询问笔录,记录人姓名
讯/询问笔录,是否通知家属
讯/询问笔录,未通知家属原因
讯/询问笔录,是否饮食休息保障
讯/询问笔录,传唤原因
讯/询问笔录,传唤依据
讯/询问笔录,被讯/询问人传唤方式
讯/询问笔录,被讯/询问人传唤开始时间
讯/询问笔录,被讯/询问人传唤结束时间
讯/询问笔录,被讯/询问人本人签名
讯/询问笔录,是否有捺印
讯/询问笔录,特殊身份
勘验（现场）笔录,文书名称
勘验（现场）笔录,勘验开始时间
勘验（现场）笔录,勘验结束时间
勘验（现场）笔录,勘验地点
勘验（现场）笔录,勘验内容
勘验（现场）笔录,勘验人员签名
勘验（现场）笔录,见证人签名
勘验（现场）笔录,事由和目的
勘验（现场）笔录,过程和结果
勘验（电子）笔录,文书名称
勘验（电子）笔录,勘验开始时间
勘验（电子）笔录,勘验结束时间
勘验（电子）笔录,勘验对象
勘验（电子）笔录,勘验内容
勘验（电子）笔录,勘验人员签名
勘验（电子）笔录,见证人签名
勘验（电子）笔录,事由和目的
勘验（电子）笔录,过程和结果
辨认笔录,文书名称
辨认笔录,辨认开始时间
辨认笔录,辨认结束时间
辨认笔录,辨认地点
辨认笔录,见证人姓名
辨认笔录,见证人单位
辨认笔录,辨认对象
辨认笔录,办案人员签名
辨认笔录,辨认人签名
辨认笔录,见证人签名
辨认笔录,其他在场人员签名
辨认笔录,辨认内容
检查笔录,文书名称
检查笔录,检查开始时间
检查笔录,检查结束时间
检查笔录,检查地点
检查笔录,检查人签名
检查笔录,见证人
检查笔录,被检查人签名
检查笔录,检查情况记录
检查笔录,是否有捺印
现场笔录,文书名称
现场笔录,笔录开始时间
现场笔录,笔录结束时间
现场笔录,地点
现场笔录,办案人员
现场笔录,见证人签名
现场笔录,当事人签名
证据保全清单,文书名称
证据保全清单,物品编号
证据保全清单,物品名称
证据保全清单,物品数量
证据保全清单,物品特征
证据保全清单,物品备注
证据保全清单,持有人签名
证据保全清单,保管人签名
证据保全清单,办案民警签名
证据保全清单,扣押日期
证据保全清单,是否有文书公章
证据保全清单,是否有捺印
发还清单,文书名称
发还清单,物品编号
发还清单,物品名称
发还清单,物品数量
发还清单,物品特征
发还清单,物品备注
发还清单,领取人签名
发还清单,保管人签名
发还清单,办案民警签名
发还清单,发还日期
发还清单,是否有文书公章
发还清单,是否有捺印
身份核查责任书,文书名称
身份核查责任书,当事人
身份核查责任书,核查方式
户籍证明,文书名称
户籍证明,姓名
户籍证明,曾用名
户籍证明,别名
户籍证明,绰号
户籍证明,性别
户籍证明,年龄
户籍证明,出生日期
户籍证明,出生地
户籍证明,证件类型
户籍证明,证件号码
户籍证明,民族
户籍证明,政治面貌
户籍证明,文化程度
户籍证明,职业
户籍证明,籍贯
户籍证明,工作单位
户籍证明,联系方式
户籍证明,居住地
户籍证明,户籍地
判决书,文书名称
判决书,被判决人
判决书,前科劣迹
判决书,文书日期
裁定书,文书名称
裁定书,被裁定人
裁定书,前科劣迹
裁定书,文书日期
刑满释放证明,看守所名称
刑满释放证明,文书名称
刑满释放证明,文书文号
刑满释放证明,被释放人
刑满释放证明,被释放人性别
刑满释放证明,被释放人出生日期
刑满释放证明,被释放人住址
刑满释放证明,涉嫌罪名
刑满释放证明,强制措施执行日期
刑满释放证明,释放原因
刑满释放证明,适用法条
刑满释放证明,公安机关名称
刑满释放证明,文书生成日期
刑满释放证明,被释放人签字日期
刑满释放证明,被释放人签名
检查证,文书名称
检查证,文书文号
检查证,法律条款
检查证,检查日期
检查证,被检查人/见证人
检查证,是否有文书公章
检查证,是否有捺印
人体损伤程度鉴定书,文书名称
人体损伤程度鉴定书,被鉴定对象
人体损伤程度鉴定书,鉴定意见内容
人体损伤程度鉴定书,鉴定人
人体损伤程度鉴定书,鉴定机构
人体损伤程度鉴定书,结论作出日期
人体损伤程度鉴定书,是否有文书公章
价格认定书,文书名称
价格认定书,被鉴定对象
价格认定书,鉴定意见内容
价格认定书,鉴定人
价格认定书,鉴定机构
价格认定书,结论作出日期
价格认定书,是否有文书公章
痕检报告书,文书名称
痕检报告书,被鉴定对象
痕检报告书,鉴定意见内容
痕检报告书,鉴定人
痕检报告书,鉴定机构
痕检报告书,结论作出日期
痕检报告书,是否有文书公章
鉴定聘请书,文书名称
鉴定聘请书,文书文号
鉴定聘请书,鉴定机构
鉴定聘请书,案件名称
鉴定聘请书,鉴定内容
鉴定聘请书,结论作出日期
鉴定聘请书,落款日期
鉴定聘请书,接收人签字
鉴定聘请书,是否有文书公章
接受证据材料清单,文书名称
接受证据材料清单,物品编号
接受证据材料清单,物品名称
接受证据材料清单,物品数量
接受证据材料清单,物品特征
接受证据材料清单,物品备注
接受证据材料清单,提交人签名
接受证据材料清单,保管人签名
接受证据材料清单,办案民警签名
接受证据材料清单,接受日期
接受证据材料清单,是否有文书公章
调取证据清单,文书名称
调取证据清单,物品编号
调取证据清单,物品名称
调取证据清单,物品数量
调取证据清单,物品特征
调取证据清单,物品备注
调取证据清单,证据持有人签名
调取证据清单,保管人签名
调取证据清单,办案民警签名
调取证据清单,调取日期
调取证据清单,是否有文书公章
调取证据通知书,文书名称
调取证据通知书,文书文号
调取证据通知书,证据持有人
调取证据通知书,案件名称
调取证据通知书,调取内容
调取证据通知书,调取期限
调取证据通知书,调取单位
调取证据通知书,文书落款日期
调取证据通知书,证据持有人签名
调取证据通知书,证据持有人签名时间
调取证据通知书,是否有文书公章
鉴定意见通知书,文书名称
鉴定意见通知书,文书文号
鉴定意见通知书,被害人或其家属姓名
鉴定意见通知书,违法嫌疑人姓名
鉴定意见通知书,鉴定对象
鉴定意见通知书,鉴定内容
鉴定意见通知书,鉴定类型
鉴定意见通知书,鉴定意见
鉴定意见通知书,文书落款日期
鉴定意见通知书,被害人或其家属签字时间
鉴定意见通知书,被害人或其家属签名
鉴定意见通知书,违法嫌疑人签字时间
鉴定意见通知书,违法嫌疑人签名
鉴定意见通知书,是否有文书公章
查获经过,到案经过
查获经过,查获财物
